Current packet size,Previous packet size,Current time gap,Previous time gap,traffic_class
1238,0,0.0,0.0,HTTPS_WEB
1110,1238,0.015032,0.0,HTTPS_WEB
1058,1110,0.020534,0.015032,HTTPS_WEB
1290,1058,0.026661,0.020534,HTTPS_WEB
1365,1290,0.014361,0.026661,HTTPS_WEB
1347,1365,0.014361,0.014361,HTTPS_WEB
1028,1347,0.027054,0.014361,HTTPS_WEB
1124,1028,0.021372,0.027054,HTTPS_WEB
1239,1124,0.012714,0.021372,HTTPS_WEB
1355,1239,0.019798,0.012714,HTTPS_WEB
1093,1355,0.012756,0.019798,HTTPS_WEB
1146,1093,0.01274,0.012756,HTTPS_WEB
980,1146,0.017694,0.01274,HTTPS_WEB
964,980,0.002607,0.017694,HTTPS_WEB
1326,964,0.003926,0.002607,HTTPS_WEB
1424,1326,0.012064,0.003926,HTTPS_WEB
1167,1424,0.00891,0.012064,HTTPS_WEB
1360,1167,0.0182,0.00891,HTTPS_WEB
1245,1360,0.009644,0.0182,HTTPS_WEB
1063,1245,0.006114,0.009644,HTTPS_WEB
1245,1063,0.02626,0.006114,HTTPS_WEB
1456,1245,0.01442,0.02626,HTTPS_WEB
1173,1456,0.016473,0.01442,HTTPS_WEB
1460,1173,0.006027,0.016473,HTTPS_WEB
708,1460,0.012189,0.006027,HTTPS_WEB
1327,708,0.016776,0.012189,HTTPS_WEB
1195,1327,0.007943,0.016776,HTTPS_WEB
1126,1195,0.01863,0.007943,HTTPS_WEB
1196,1126,0.011796,0.01863,HTTPS_WEB
822,1196,0.013958,0.011796,HTTPS_WEB
1140,822,0.011788,0.013958,HTTPS_WEB
1244,1140,0.028966,0.011788,HTTPS_WEB
1446,1244,0.015906,0.028966,HTTPS_WEB
1086,1446,0.008596,0.015906,HTTPS_WEB
1034,1086,0.021758,0.008596,HTTPS_WEB
1089,1034,0.007454,0.021758,HTTPS_WEB
1344,1089,0.017462,0.007454,HTTPS_WEB
1239,1344,0.002282,0.017462,HTTPS_WEB
1084,1239,0.006703,0.002282,HTTPS_WEB
1272,1084,0.017378,0.006703,HTTPS_WEB
1197,1272,0.021169,0.017378,HTTPS_WEB
1354,1197,0.0172,0.021169,HTTPS_WEB
1053,1354,0.01519,0.0172,HTTPS_WEB
1121,1053,0.013892,0.01519,HTTPS_WEB
1109,1121,0.00565,0.013892,HTTPS_WEB
916,1109,0.010961,0.00565,HTTPS_WEB
1233,916,0.012776,0.010961,HTTPS_WEB
1226,1233,0.0234,0.012776,HTTPS_WEB
1180,1226,0.018405,0.0234,HTTPS_WEB
1137,1180,0.003659,0.018405,HTTPS_WEB
1446,0,0.0,0.0,HTTPS_WEB
1251,1446,0.022485,0.0,HTTPS_WEB
859,1251,0.010137,0.022485,HTTPS_WEB
1136,859,0.02074,0.010137,HTTPS_WEB
1238,1136,0.029106,0.02074,HTTPS_WEB
1271,1238,0.018775,0.029106,HTTPS_WEB
1157,1271,0.011621,0.018775,HTTPS_WEB
1241,1157,0.012343,0.011621,HTTPS_WEB
1460,1241,0.016091,0.012343,HTTPS_WEB
1458,1460,0.018644,0.016091,HTTPS_WEB
1009,1458,0.01644,0.018644,HTTPS_WEB
1072,1009,0.019511,0.01644,HTTPS_WEB
1159,1072,0.014971,0.019511,HTTPS_WEB
865,1159,0.017264,0.014971,HTTPS_WEB
938,865,0.022754,0.017264,HTTPS_WEB
888,938,0.008546,0.022754,HTTPS_WEB
973,888,0.016761,0.008546,HTTPS_WEB
1430,973,0.01674,0.016761,HTTPS_WEB
1026,1430,0.022445,0.01674,HTTPS_WEB
995,1026,0.014413,0.022445,HTTPS_WEB
1338,995,0.020571,0.014413,HTTPS_WEB
1099,1338,0.023719,0.020571,HTTPS_WEB
1255,1099,0.003051,0.023719,HTTPS_WEB
1048,1255,0.02418,0.003051,HTTPS_WEB
855,1048,0.009102,0.02418,HTTPS_WEB
1264,855,0.008342,0.009102,HTTPS_WEB
900,1264,0.004156,0.008342,HTTPS_WEB
1088,900,0.010378,0.004156,HTTPS_WEB
1048,1088,0.015966,0.010378,HTTPS_WEB
1215,1048,0.013317,0.015966,HTTPS_WEB
1079,1215,0.012762,0.013317,HTTPS_WEB
1157,1079,0.008213,0.012762,HTTPS_WEB
899,1157,0.022071,0.008213,HTTPS_WEB
1460,899,0.022709,0.022071,HTTPS_WEB
963,1460,0.018927,0.022709,HTTPS_WEB
1396,963,0.002794,0.018927,HTTPS_WEB
1206,1396,0.031913,0.002794,HTTPS_WEB
1205,1206,0.017029,0.031913,HTTPS_WEB
1243,1205,0.019777,0.017029,HTTPS_WEB
841,1243,0.005512,0.019777,HTTPS_WEB
1353,841,0.01592,0.005512,HTTPS_WEB
1088,1353,0.018893,0.01592,HTTPS_WEB
1397,1088,0.015014,0.018893,HTTPS_WEB
1152,1397,0.022105,0.015014,HTTPS_WEB
1112,1152,0.025102,0.022105,HTTPS_WEB
947,1112,0.006595,0.025102,HTTPS_WEB
1042,947,0.021951,0.006595,HTTPS_WEB
1256,1042,0.01876,0.021951,HTTPS_WEB
944,1256,0.015967,0.01876,HTTPS_WEB
821,944,0.005004,0.015967,HTTPS_WEB
1177,0,0.0,0.0,HTTPS_WEB
1018,1177,0.020635,0.0,HTTPS_WEB
1193,1018,0.027102,0.020635,HTTPS_WEB
1058,1193,0.007335,0.027102,HTTPS_WEB
1355,1058,0.030931,0.007335,HTTPS_WEB
1153,1355,0.002335,0.030931,HTTPS_WEB
1031,1153,0.014938,0.002335,HTTPS_WEB
1122,1031,0.020118,0.014938,HTTPS_WEB
1254,1122,0.017967,0.020118,HTTPS_WEB
1078,1254,0.011641,0.017967,HTTPS_WEB
1032,1078,0.014543,0.011641,HTTPS_WEB
1223,1032,0.012549,0.014543,HTTPS_WEB
1224,1223,0.011874,0.012549,HTTPS_WEB
1088,1224,0.021947,0.011874,HTTPS_WEB
1095,1088,0.018499,0.021947,HTTPS_WEB
1221,1095,0.01115,0.018499,HTTPS_WEB
919,1221,0.022297,0.01115,HTTPS_WEB
926,919,0.018151,0.022297,HTTPS_WEB
1050,926,0.02169,0.018151,HTTPS_WEB
1141,1050,0.020407,0.02169,HTTPS_WEB
1235,1141,0.010197,0.020407,HTTPS_WEB
1445,1235,0.012079,0.010197,HTTPS_WEB
1334,1445,0.021231,0.012079,HTTPS_WEB
1151,1334,0.020273,0.021231,HTTPS_WEB
1176,1151,0.015854,0.020273,HTTPS_WEB
999,1176,0.016821,0.015854,HTTPS_WEB
1176,999,0.024944,0.016821,HTTPS_WEB
1128,1176,0.011859,0.024944,HTTPS_WEB
1238,1128,0.01983,0.011859,HTTPS_WEB
1031,1238,0.014585,0.01983,HTTPS_WEB
1273,1031,0.014476,0.014585,HTTPS_WEB
1455,1273,0.023691,0.014476,HTTPS_WEB
1160,1455,0.021778,0.023691,HTTPS_WEB
1252,1160,0.021695,0.021778,HTTPS_WEB
1304,1252,0.025138,0.021695,HTTPS_WEB
1107,1304,0.016147,0.025138,HTTPS_WEB
1220,1107,0.020774,0.016147,HTTPS_WEB
1182,1220,0.013828,0.020774,HTTPS_WEB
1197,1182,0.018269,0.013828,HTTPS_WEB
1040,1197,0.015089,0.018269,HTTPS_WEB
1184,1040,0.016679,0.015089,HTTPS_WEB
1269,1184,0.020166,0.016679,HTTPS_WEB
1441,1269,0.010272,0.020166,HTTPS_WEB
1352,1441,0.030647,0.010272,HTTPS_WEB
1460,1352,0.008958,0.030647,HTTPS_WEB
1041,1460,0.007501,0.008958,HTTPS_WEB
1337,1041,0.024107,0.007501,HTTPS_WEB
1213,1337,0.021542,0.024107,HTTPS_WEB
1460,1213,0.020369,0.021542,HTTPS_WEB
1034,1460,0.020398,0.020369,HTTPS_WEB
934,0,0.0,0.0,HTTPS_WEB
1270,934,0.011455,0.0,HTTPS_WEB
1089,1270,0.01006,0.011455,HTTPS_WEB
1368,1089,0.009446,0.01006,HTTPS_WEB
1137,1368,0.018332,0.009446,HTTPS_WEB
1166,1137,0.014195,0.018332,HTTPS_WEB
1460,1166,0.008347,0.014195,HTTPS_WEB
1460,1460,0.014122,0.008347,HTTPS_WEB
1321,1460,0.012375,0.014122,HTTPS_WEB
1128,1321,0.02225,0.012375,HTTPS_WEB
1112,1128,0.012057,0.02225,HTTPS_WEB
1032,1112,0.033775,0.012057,HTTPS_WEB
1067,1032,0.025778,0.033775,HTTPS_WEB
1130,1067,0.013271,0.025778,HTTPS_WEB
1460,1130,0.024047,0.013271,HTTPS_WEB
1144,1460,0.019676,0.024047,HTTPS_WEB
959,1144,0.017634,0.019676,HTTPS_WEB
1187,959,0.021619,0.017634,HTTPS_WEB
1212,1187,0.016378,0.021619,HTTPS_WEB
1186,1212,0.017682,0.016378,HTTPS_WEB
1323,1186,0.021763,0.017682,HTTPS_WEB
1192,1323,0.030367,0.021763,HTTPS_WEB
1318,1192,0.017758,0.030367,HTTPS_WEB
1039,1318,0.012823,0.017758,HTTPS_WEB
1460,1039,0.001795,0.012823,HTTPS_WEB
1225,1460,0.029729,0.001795,HTTPS_WEB
1252,1225,0.014157,0.029729,HTTPS_WEB
1038,1252,0.019744,0.014157,HTTPS_WEB
1264,1038,0.029341,0.019744,HTTPS_WEB
1297,1264,0.017593,0.029341,HTTPS_WEB
969,1297,0.014637,0.017593,HTTPS_WEB
881,969,0.025938,0.014637,HTTPS_WEB
1232,881,0.019225,0.025938,HTTPS_WEB
1092,1232,0.020103,0.019225,HTTPS_WEB
1226,1092,0.005338,0.020103,HTTPS_WEB
947,1226,0.024441,0.005338,HTTPS_WEB
899,947,0.018629,0.024441,HTTPS_WEB
1217,899,0.006399,0.018629,HTTPS_WEB
1117,1217,0.019396,0.006399,HTTPS_WEB
800,1117,0.001562,0.019396,HTTPS_WEB
1421,800,0.032394,0.001562,HTTPS_WEB
944,1421,0.008287,0.032394,HTTPS_WEB
1460,944,0.027283,0.008287,HTTPS_WEB
1067,1460,0.010309,0.027283,HTTPS_WEB
1252,1067,0.019922,0.010309,HTTPS_WEB
1460,1252,0.009615,0.019922,HTTPS_WEB
1446,1460,0.02298,0.009615,HTTPS_WEB
1460,1446,0.014353,0.02298,HTTPS_WEB
905,1460,0.019274,0.014353,HTTPS_WEB
975,905,0.016105,0.019274,HTTPS_WEB
1097,0,0.0,0.0,HTTPS_WEB
1027,1097,0.013308,0.0,HTTPS_WEB
1329,1027,0.023044,0.013308,HTTPS_WEB
1025,1329,0.011962,0.023044,HTTPS_WEB
1192,1025,0.02185,0.011962,HTTPS_WEB
1094,1192,0.008092,0.02185,HTTPS_WEB
1266,1094,0.019709,0.008092,HTTPS_WEB
1240,1266,0.026091,0.019709,HTTPS_WEB
1366,1240,0.001302,0.026091,HTTPS_WEB
1088,1366,0.010422,0.001302,HTTPS_WEB
1131,1088,0.02004,0.010422,HTTPS_WEB
1003,1131,0.014579,0.02004,HTTPS_WEB
1100,1003,0.018598,0.014579,HTTPS_WEB
1247,1100,0.011772,0.018598,HTTPS_WEB
1316,1247,0.016606,0.011772,HTTPS_WEB
1014,1316,0.01491,0.016606,HTTPS_WEB
1336,1014,0.024174,0.01491,HTTPS_WEB
1424,1336,0.017781,0.024174,HTTPS_WEB
1254,1424,0.018363,0.017781,HTTPS_WEB
1460,1254,0.013117,0.018363,HTTPS_WEB
1040,1460,0.012587,0.013117,HTTPS_WEB
955,1040,0.012972,0.012587,HTTPS_WEB
859,955,0.018761,0.012972,HTTPS_WEB
1449,859,0.013053,0.018761,HTTPS_WEB
1297,1449,0.018028,0.013053,HTTPS_WEB
1169,1297,0.030528,0.018028,HTTPS_WEB
1230,1169,0.022098,0.030528,HTTPS_WEB
977,1230,0.013718,0.022098,HTTPS_WEB
1460,977,0.024408,0.013718,HTTPS_WEB
1203,1460,0.013143,0.024408,HTTPS_WEB
1199,1203,0.001733,0.013143,HTTPS_WEB
1310,1199,0.008943,0.001733,HTTPS_WEB
1266,1310,0.002904,0.008943,HTTPS_WEB
1220,1266,0.013539,0.002904,HTTPS_WEB
1037,1220,0.016129,0.013539,HTTPS_WEB
1264,1037,0.027735,0.016129,HTTPS_WEB
1460,1264,0.018288,0.027735,HTTPS_WEB
1422,1460,0.014466,0.018288,HTTPS_WEB
1460,1422,0.021806,0.014466,HTTPS_WEB
1087,1460,0.000522,0.021806,HTTPS_WEB
1001,1087,0.017649,0.000522,HTTPS_WEB
1157,1001,0.021396,0.017649,HTTPS_WEB
1190,1157,0.00565,0.021396,HTTPS_WEB
1376,1190,0.024006,0.00565,HTTPS_WEB
875,1376,0.018369,0.024006,HTTPS_WEB
1455,875,0.013093,0.018369,HTTPS_WEB
1151,1455,0.020429,0.013093,HTTPS_WEB
1103,1151,0.031895,0.020429,HTTPS_WEB
997,1103,0.017273,0.031895,HTTPS_WEB
882,997,0.017738,0.017273,HTTPS_WEB
1210,0,0.0,0.0,HTTPS_WEB
1146,1210,0.010555,0.0,HTTPS_WEB
1183,1146,0.008226,0.010555,HTTPS_WEB
1242,1183,0.028266,0.008226,HTTPS_WEB
1082,1242,0.02255,0.028266,HTTPS_WEB
1039,1082,0.024901,0.02255,HTTPS_WEB
1215,1039,0.021052,0.024901,HTTPS_WEB
1003,1215,0.008097,0.021052,HTTPS_WEB
1253,1003,0.012328,0.008097,HTTPS_WEB
873,1253,0.019426,0.012328,HTTPS_WEB
1365,873,0.007445,0.019426,HTTPS_WEB
1265,1365,0.020991,0.007445,HTTPS_WEB
1226,1265,0.014318,0.020991,HTTPS_WEB
1356,1226,0.013376,0.014318,HTTPS_WEB
1460,1356,0.020977,0.013376,HTTPS_WEB
1362,1460,0.01911,0.020977,HTTPS_WEB
848,1362,0.013473,0.01911,HTTPS_WEB
949,848,0.024115,0.013473,HTTPS_WEB
1067,949,0.008433,0.024115,HTTPS_WEB
1184,1067,0.020312,0.008433,HTTPS_WEB
1273,1184,0.020152,0.020312,HTTPS_WEB
1049,1273,0.013833,0.020152,HTTPS_WEB
1213,1049,0.018283,0.013833,HTTPS_WEB
1044,1213,0.007242,0.018283,HTTPS_WEB
1069,1044,0.022468,0.007242,HTTPS_WEB
926,1069,0.014706,0.022468,HTTPS_WEB
1013,926,0.012341,0.014706,HTTPS_WEB
936,1013,0.023343,0.012341,HTTPS_WEB
1004,936,0.01107,0.023343,HTTPS_WEB
1369,1004,0.006141,0.01107,HTTPS_WEB
1009,1369,0.005104,0.006141,HTTPS_WEB
1460,1009,0.020242,0.005104,HTTPS_WEB
1268,1460,0.007037,0.020242,HTTPS_WEB
1213,1268,0.028284,0.007037,HTTPS_WEB
1025,1213,0.001426,0.028284,HTTPS_WEB
1306,1025,0.027875,0.001426,HTTPS_WEB
1076,1306,0.017477,0.027875,HTTPS_WEB
1201,1076,0.015323,0.017477,HTTPS_WEB
1460,1201,0.012186,0.015323,HTTPS_WEB
1162,1460,0.018794,0.012186,HTTPS_WEB
1386,1162,0.015737,0.018794,HTTPS_WEB
1053,1386,0.023723,0.015737,HTTPS_WEB
1173,1053,0.0168,0.023723,HTTPS_WEB
1460,1173,0.017052,0.0168,HTTPS_WEB
1067,1460,0.013455,0.017052,HTTPS_WEB
1460,1067,0.015601,0.013455,HTTPS_WEB
1307,1460,0.018155,0.015601,HTTPS_WEB
1078,1307,0.004029,0.018155,HTTPS_WEB
1293,1078,0.006563,0.004029,HTTPS_WEB
1355,1293,0.021203,0.006563,HTTPS_WEB
1435,0,0.0,0.0,HTTPS_WEB
1077,1435,0.013836,0.0,HTTPS_WEB
1030,1077,0.017555,0.013836,HTTPS_WEB
1264,1030,0.012649,0.017555,HTTPS_WEB
1080,1264,0.02479,0.012649,HTTPS_WEB
1293,1080,0.009738,0.02479,HTTPS_WEB
1216,1293,0.014692,0.009738,HTTPS_WEB
907,1216,0.012922,0.014692,HTTPS_WEB
1458,907,0.026129,0.012922,HTTPS_WEB
1460,1458,0.017376,0.026129,HTTPS_WEB
1069,1460,0.023223,0.017376,HTTPS_WEB
1110,1069,0.005601,0.023223,HTTPS_WEB
1231,1110,0.017869,0.005601,HTTPS_WEB
1240,1231,0.022227,0.017869,HTTPS_WEB
1298,1240,0.016576,0.022227,HTTPS_WEB
1460,1298,0.023458,0.016576,HTTPS_WEB
1148,1460,0.012379,0.023458,HTTPS_WEB
1036,1148,0.025865,0.012379,HTTPS_WEB
931,1036,0.032092,0.025865,HTTPS_WEB
1048,931,0.01346,0.032092,HTTPS_WEB
1174,1048,0.012881,0.01346,HTTPS_WEB
1460,1174,0.026174,0.012881,HTTPS_WEB
1086,1460,0.027057,0.026174,HTTPS_WEB
1220,1086,0.01234,0.027057,HTTPS_WEB
1177,1220,0.013059,0.01234,HTTPS_WEB
1393,1177,0.014028,0.013059,HTTPS_WEB
1460,1393,0.006589,0.014028,HTTPS_WEB
1084,1460,0.009569,0.006589,HTTPS_WEB
1091,1084,0.008971,0.009569,HTTPS_WEB
1367,1091,0.010625,0.008971,HTTPS_WEB
1302,1367,0.015757,0.010625,HTTPS_WEB
1460,1302,0.01764,0.015757,HTTPS_WEB
1285,1460,0.026854,0.01764,HTTPS_WEB
1115,1285,0.009012,0.026854,HTTPS_WEB
1286,1115,0.02289,0.009012,HTTPS_WEB
1379,1286,0.014502,0.02289,HTTPS_WEB
1327,1379,0.015654,0.014502,HTTPS_WEB
1271,1327,0.020724,0.015654,HTTPS_WEB
1372,1271,0.008141,0.020724,HTTPS_WEB
1390,1372,0.018677,0.008141,HTTPS_WEB
1428,1390,0.017165,0.018677,HTTPS_WEB
1296,1428,0.019447,0.017165,HTTPS_WEB
1149,1296,0.018024,0.019447,HTTPS_WEB
1206,1149,0.033187,0.018024,HTTPS_WEB
1397,1206,0.011536,0.033187,HTTPS_WEB
1032,1397,0.012283,0.011536,HTTPS_WEB
1246,1032,0.011638,0.012283,HTTPS_WEB
1109,1246,0.012112,0.011638,HTTPS_WEB
1185,1109,0.011538,0.012112,HTTPS_WEB
1410,1185,0.024323,0.011538,HTTPS_WEB
1364,0,0.0,0.0,HTTPS_WEB
983,1364,0.014756,0.0,HTTPS_WEB
1246,983,0.02054,0.014756,HTTPS_WEB
1266,1246,0.022911,0.02054,HTTPS_WEB
1175,1266,0.023853,0.022911,HTTPS_WEB
1077,1175,0.025174,0.023853,HTTPS_WEB
1132,1077,0.014443,0.025174,HTTPS_WEB
1107,1132,0.007971,0.014443,HTTPS_WEB
1460,1107,0.015198,0.007971,HTTPS_WEB
1175,1460,0.020433,0.015198,HTTPS_WEB
1274,1175,0.007409,0.020433,HTTPS_WEB
1460,1274,0.027621,0.007409,HTTPS_WEB
1022,1460,0.022285,0.027621,HTTPS_WEB
1186,1022,0.014554,0.022285,HTTPS_WEB
1131,1186,0.011024,0.014554,HTTPS_WEB
1164,1131,0.011316,0.011024,HTTPS_WEB
1147,1164,0.016519,0.011316,HTTPS_WEB
1048,1147,0.014394,0.016519,HTTPS_WEB
1215,1048,0.022654,0.014394,HTTPS_WEB
988,1215,0.013599,0.022654,HTTPS_WEB
1357,988,0.019539,0.013599,HTTPS_WEB
1292,1357,0.015798,0.019539,HTTPS_WEB
1091,1292,0.017888,0.015798,HTTPS_WEB
1099,1091,0.01439,0.017888,HTTPS_WEB
1229,1099,0.020954,0.01439,HTTPS_WEB
1036,1229,0.021058,0.020954,HTTPS_WEB
1460,1036,0.01922,0.021058,HTTPS_WEB
1244,1460,0.020253,0.01922,HTTPS_WEB
1250,1244,0.009389,0.020253,HTTPS_WEB
1302,1250,0.018263,0.009389,HTTPS_WEB
1075,1302,0.024744,0.018263,HTTPS_WEB
1376,1075,0.01944,0.024744,HTTPS_WEB
1200,1376,0.008785,0.01944,HTTPS_WEB
1351,1200,0.015652,0.008785,HTTPS_WEB
1144,1351,0.018625,0.015652,HTTPS_WEB
1417,1144,0.010698,0.018625,HTTPS_WEB
1252,1417,0.006492,0.010698,HTTPS_WEB
1460,1252,0.013787,0.006492,HTTPS_WEB
1113,1460,0.010814,0.013787,HTTPS_WEB
1216,1113,0.0159,0.010814,HTTPS_WEB
994,1216,0.00486,0.0159,HTTPS_WEB
1084,994,0.019953,0.00486,HTTPS_WEB
1291,1084,0.011558,0.019953,HTTPS_WEB
1383,1291,0.02297,0.011558,HTTPS_WEB
1460,1383,0.014062,0.02297,HTTPS_WEB
1162,1460,0.015822,0.014062,HTTPS_WEB
1012,1162,0.014789,0.015822,HTTPS_WEB
1315,1012,0.011183,0.014789,HTTPS_WEB
976,1315,0.033306,0.011183,HTTPS_WEB
1281,976,0.012529,0.033306,HTTPS_WEB
986,0,0.0,0.0,HTTPS_WEB
1300,986,0.017779,0.0,HTTPS_WEB
983,1300,0.014185,0.017779,HTTPS_WEB
1460,983,0.024636,0.014185,HTTPS_WEB
1041,1460,0.020542,0.024636,HTTPS_WEB
1233,1041,0.006256,0.020542,HTTPS_WEB
1360,1233,0.010131,0.006256,HTTPS_WEB
1134,1360,0.019645,0.010131,HTTPS_WEB
1241,1134,0.02193,0.019645,HTTPS_WEB
1438,1241,0.024558,0.02193,HTTPS_WEB
1281,1438,0.024502,0.024558,HTTPS_WEB
1243,1281,0.015373,0.024502,HTTPS_WEB
876,1243,0.018539,0.015373,HTTPS_WEB
1011,876,0.025091,0.018539,HTTPS_WEB
1368,1011,0.013877,0.025091,HTTPS_WEB
1282,1368,0.018658,0.013877,HTTPS_WEB
1309,1282,0.013712,0.018658,HTTPS_WEB
1294,1309,0.012143,0.013712,HTTPS_WEB
1412,1294,0.016339,0.012143,HTTPS_WEB
1132,1412,0.011187,0.016339,HTTPS_WEB
1201,1132,0.015084,0.011187,HTTPS_WEB
994,1201,0.008755,0.015084,HTTPS_WEB
949,994,0.01467,0.008755,HTTPS_WEB
884,949,0.019139,0.01467,HTTPS_WEB
1020,884,0.011879,0.019139,HTTPS_WEB
1459,1020,0.016065,0.011879,HTTPS_WEB
900,1459,0.016975,0.016065,HTTPS_WEB
1125,900,0.019168,0.016975,HTTPS_WEB
947,1125,0.015065,0.019168,HTTPS_WEB
1071,947,0.023601,0.015065,HTTPS_WEB
1210,1071,0.001294,0.023601,HTTPS_WEB
1053,1210,0.036564,0.001294,HTTPS_WEB
1376,1053,0.009902,0.036564,HTTPS_WEB
1456,1376,0.018824,0.009902,HTTPS_WEB
775,1456,0.009431,0.018824,HTTPS_WEB
1057,775,0.02051,0.009431,HTTPS_WEB
1190,1057,0.017936,0.02051,HTTPS_WEB
1382,1190,0.011445,0.017936,HTTPS_WEB
1098,1382,0.023512,0.011445,HTTPS_WEB
1176,1098,0.014852,0.023512,HTTPS_WEB
971,1176,0.019831,0.014852,HTTPS_WEB
904,971,0.00958,0.019831,HTTPS_WEB
1440,904,0.015784,0.00958,HTTPS_WEB
851,1440,0.030024,0.015784,HTTPS_WEB
1460,851,0.022741,0.030024,HTTPS_WEB
1310,1460,0.018153,0.022741,HTTPS_WEB
1302,1310,0.012858,0.018153,HTTPS_WEB
1283,1302,0.016472,0.012858,HTTPS_WEB
1134,1283,0.017383,0.016472,HTTPS_WEB
1250,1134,0.019145,0.017383,HTTPS_WEB
1276,0,0.0,0.0,HTTPS_WEB
1014,1276,0.022264,0.0,HTTPS_WEB
1210,1014,0.013935,0.022264,HTTPS_WEB
925,1210,0.024734,0.013935,HTTPS_WEB
1159,925,0.011286,0.024734,HTTPS_WEB
1017,1159,0.017953,0.011286,HTTPS_WEB
1047,1017,0.010153,0.017953,HTTPS_WEB
1402,1047,0.031016,0.010153,HTTPS_WEB
1376,1402,0.007687,0.031016,HTTPS_WEB
1289,1376,0.018169,0.007687,HTTPS_WEB
983,1289,0.020436,0.018169,HTTPS_WEB
1123,983,0.018897,0.020436,HTTPS_WEB
1398,1123,0.014703,0.018897,HTTPS_WEB
1205,1398,0.015091,0.014703,HTTPS_WEB
1460,1205,0.016307,0.015091,HTTPS_WEB
1250,1460,0.014971,0.016307,HTTPS_WEB
1214,1250,0.022747,0.014971,HTTPS_WEB
1124,1214,0.031474,0.022747,HTTPS_WEB
1204,1124,0.012098,0.031474,HTTPS_WEB
1152,1204,0.006411,0.012098,HTTPS_WEB
1307,1152,0.015382,0.006411,HTTPS_WEB
1352,1307,0.034058,0.015382,HTTPS_WEB
1038,1352,0.010374,0.034058,HTTPS_WEB
940,1038,0.027474,0.010374,HTTPS_WEB
849,940,0.027744,0.027474,HTTPS_WEB
1271,849,0.012125,0.027744,HTTPS_WEB
981,1271,0.019983,0.012125,HTTPS_WEB
792,981,0.027399,0.019983,HTTPS_WEB
1249,792,0.013346,0.027399,HTTPS_WEB
1460,1249,0.014575,0.013346,HTTPS_WEB
1178,1460,0.011928,0.014575,HTTPS_WEB
1330,1178,0.008897,0.011928,HTTPS_WEB
1194,1330,0.011455,0.008897,HTTPS_WEB
1162,1194,0.007432,0.011455,HTTPS_WEB
1345,1162,0.016239,0.007432,HTTPS_WEB
1127,1345,0.01061,0.016239,HTTPS_WEB
1228,1127,0.017637,0.01061,HTTPS_WEB
1237,1228,0.005109,0.017637,HTTPS_WEB
1059,1237,0.018316,0.005109,HTTPS_WEB
1358,1059,0.021835,0.018316,HTTPS_WEB
1148,1358,0.002044,0.021835,HTTPS_WEB
1043,1148,0.018618,0.002044,HTTPS_WEB
1276,1043,0.024594,0.018618,HTTPS_WEB
1018,1276,0.007533,0.024594,HTTPS_WEB
1185,1018,0.027708,0.007533,HTTPS_WEB
1178,1185,0.018933,0.027708,HTTPS_WEB
1375,1178,0.011065,0.018933,HTTPS_WEB
1265,1375,0.01561,0.011065,HTTPS_WEB
1175,1265,0.019908,0.01561,HTTPS_WEB
1327,1175,0.016532,0.019908,HTTPS_WEB
924,0,0.0,0.0,HTTP3_WEB
765,924,0.009012,0.0,HTTP3_WEB
1141,765,0.010748,0.009012,HTTP3_WEB
879,1141,0.013763,0.010748,HTTP3_WEB
808,879,0.012798,0.013763,HTTP3_WEB
885,808,0.00306,0.012798,HTTP3_WEB
671,885,0.001216,0.00306,HTTP3_WEB
723,671,0.012737,0.001216,HTTP3_WEB
1028,723,0.003532,0.012737,HTTP3_WEB
768,1028,0.008101,0.003532,HTTP3_WEB
713,768,0.00432,0.008101,HTTP3_WEB
935,713,0.001792,0.00432,HTTP3_WEB
1025,935,0.011166,0.001792,HTTP3_WEB
960,1025,0.012037,0.011166,HTTP3_WEB
999,960,0.006694,0.012037,HTTP3_WEB
754,999,0.001364,0.006694,HTTP3_WEB
660,754,0.006815,0.001364,HTTP3_WEB
1070,660,0.010567,0.006815,HTTP3_WEB
814,1070,0.003084,0.010567,HTTP3_WEB
824,814,0.009733,0.003084,HTTP3_WEB
1045,824,0.008939,0.009733,HTTP3_WEB
937,1045,0.011317,0.008939,HTTP3_WEB
923,937,0.009478,0.011317,HTTP3_WEB
1163,923,0.005108,0.009478,HTTP3_WEB
769,1163,0.013786,0.005108,HTTP3_WEB
989,769,0.008366,0.013786,HTTP3_WEB
867,989,0.008891,0.008366,HTTP3_WEB
897,867,0.005267,0.008891,HTTP3_WEB
1073,897,0.007227,0.005267,HTTP3_WEB
931,1073,0.005461,0.007227,HTTP3_WEB
935,931,0.008308,0.005461,HTTP3_WEB
1010,935,0.015847,0.008308,HTTP3_WEB
808,1010,0.003512,0.015847,HTTP3_WEB
742,808,0.002546,0.003512,HTTP3_WEB
713,742,0.014885,0.002546,HTTP3_WEB
584,713,0.008163,0.014885,HTTP3_WEB
1147,584,0.006324,0.008163,HTTP3_WEB
705,1147,0.01316,0.006324,HTTP3_WEB
829,705,0.006578,0.01316,HTTP3_WEB
821,829,0.016304,0.006578,HTTP3_WEB
903,821,0.011712,0.016304,HTTP3_WEB
974,903,0.007048,0.011712,HTTP3_WEB
980,974,0.017629,0.007048,HTTP3_WEB
778,980,0.006577,0.017629,HTTP3_WEB
836,778,0.011968,0.006577,HTTP3_WEB
899,836,0.010197,0.011968,HTTP3_WEB
825,899,0.014207,0.010197,HTTP3_WEB
1085,825,0.015246,0.014207,HTTP3_WEB
928,1085,0.009128,0.015246,HTTP3_WEB
962,928,0.005986,0.009128,HTTP3_WEB
909,0,0.0,0.0,HTTP3_WEB
866,909,0.010277,0.0,HTTP3_WEB
931,866,0.012095,0.010277,HTTP3_WEB
740,931,0.013489,0.012095,HTTP3_WEB
1096,740,0.011537,0.013489,HTTP3_WEB
1094,1096,0.010901,0.011537,HTTP3_WEB
920,1094,0.009926,0.010901,HTTP3_WEB
887,920,0.004406,0.009926,HTTP3_WEB
802,887,0.00785,0.004406,HTTP3_WEB
934,802,0.005234,0.00785,HTTP3_WEB
763,934,0.013843,0.005234,HTTP3_WEB
548,763,0.011476,0.013843,HTTP3_WEB
480,548,0.007167,0.011476,HTTP3_WEB
748,480,0.007569,0.007167,HTTP3_WEB
881,748,0.007424,0.007569,HTTP3_WEB
906,881,0.007353,0.007424,HTTP3_WEB
791,906,0.003222,0.007353,HTTP3_WEB
879,791,0.002355,0.003222,HTTP3_WEB
821,879,0.009116,0.002355,HTTP3_WEB
720,821,0.013301,0.009116,HTTP3_WEB
852,720,0.006849,0.013301,HTTP3_WEB
973,852,0.010214,0.006849,HTTP3_WEB
726,973,0.011937,0.010214,HTTP3_WEB
726,726,0.005026,0.011937,HTTP3_WEB
710,726,0.00892,0.005026,HTTP3_WEB
588,710,0.006334,0.00892,HTTP3_WEB
792,588,0.015424,0.006334,HTTP3_WEB
959,792,0.01525,0.015424,HTTP3_WEB
884,959,0.005031,0.01525,HTTP3_WEB
836,884,0.010544,0.005031,HTTP3_WEB
878,836,0.01327,0.010544,HTTP3_WEB
791,878,0.012393,0.01327,HTTP3_WEB
587,791,0.009326,0.012393,HTTP3_WEB
969,587,0.014226,0.009326,HTTP3_WEB
1009,969,0.005382,0.014226,HTTP3_WEB
758,1009,0.007788,0.005382,HTTP3_WEB
838,758,0.005489,0.007788,HTTP3_WEB
826,838,0.01213,0.005489,HTTP3_WEB
909,826,0.006669,0.01213,HTTP3_WEB
1096,909,0.008315,0.006669,HTTP3_WEB
1022,1096,0.011471,0.008315,HTTP3_WEB
807,1022,0.011793,0.011471,HTTP3_WEB
935,807,0.005371,0.011793,HTTP3_WEB
1035,935,0.013227,0.005371,HTTP3_WEB
917,1035,0.010823,0.013227,HTTP3_WEB
859,917,0.004673,0.010823,HTTP3_WEB
922,859,0.003689,0.004673,HTTP3_WEB
761,922,0.008937,0.003689,HTTP3_WEB
781,761,0.0124,0.008937,HTTP3_WEB
711,781,0.012503,0.0124,HTTP3_WEB
963,0,0.0,0.0,HTTP3_WEB
780,963,0.006212,0.0,HTTP3_WEB
869,780,0.005954,0.006212,HTTP3_WEB
1005,869,0.002935,0.005954,HTTP3_WEB
796,1005,0.006926,0.002935,HTTP3_WEB
817,796,0.013831,0.006926,HTTP3_WEB
894,817,0.000184,0.013831,HTTP3_WEB
795,894,0.00485,0.000184,HTTP3_WEB
979,795,0.008491,0.00485,HTTP3_WEB
836,979,0.005491,0.008491,HTTP3_WEB
750,836,0.006891,0.005491,HTTP3_WEB
945,750,0.006951,0.006891,HTTP3_WEB
700,945,0.00797,0.006951,HTTP3_WEB
1142,700,0.006082,0.00797,HTTP3_WEB
1081,1142,0.005755,0.006082,HTTP3_WEB
931,1081,0.012737,0.005755,HTTP3_WEB
920,931,0.013199,0.012737,HTTP3_WEB
913,920,0.003478,0.013199,HTTP3_WEB
791,913,0.002038,0.003478,HTTP3_WEB
901,791,0.013253,0.002038,HTTP3_WEB
730,901,0.004085,0.013253,HTTP3_WEB
930,730,0.009851,0.004085,HTTP3_WEB
981,930,0.002737,0.009851,HTTP3_WEB
807,981,0.014191,0.002737,HTTP3_WEB
776,807,0.019175,0.014191,HTTP3_WEB
690,776,0.009731,0.019175,HTTP3_WEB
1064,690,0.008624,0.009731,HTTP3_WEB
787,1064,0.007711,0.008624,HTTP3_WEB
832,787,0.012127,0.007711,HTTP3_WEB
902,832,0.011271,0.012127,HTTP3_WEB
899,902,0.013014,0.011271,HTTP3_WEB
964,899,0.006488,0.013014,HTTP3_WEB
806,964,0.01036,0.006488,HTTP3_WEB
700,806,0.00683,0.01036,HTTP3_WEB
676,700,0.004769,0.00683,HTTP3_WEB
778,676,0.008836,0.004769,HTTP3_WEB
726,778,0.00531,0.008836,HTTP3_WEB
817,726,0.013695,0.00531,HTTP3_WEB
1043,817,0.005552,0.013695,HTTP3_WEB
807,1043,0.010454,0.005552,HTTP3_WEB
807,807,0.006586,0.010454,HTTP3_WEB
857,807,0.010108,0.006586,HTTP3_WEB
803,857,0.006904,0.010108,HTTP3_WEB
850,803,0.003971,0.006904,HTTP3_WEB
935,850,0.010935,0.003971,HTTP3_WEB
983,935,0.008058,0.010935,HTTP3_WEB
1000,983,0.010144,0.008058,HTTP3_WEB
1147,1000,0.007285,0.010144,HTTP3_WEB
939,1147,0.003688,0.007285,HTTP3_WEB
1172,939,0.013333,0.003688,HTTP3_WEB
887,0,0.0,0.0,HTTP3_WEB
745,887,0.00699,0.0,HTTP3_WEB
988,745,0.005416,0.00699,HTTP3_WEB
875,988,0.005276,0.005416,HTTP3_WEB
625,875,0.010413,0.005276,HTTP3_WEB
734,625,0.008921,0.010413,HTTP3_WEB
786,734,0.006506,0.008921,HTTP3_WEB
1070,786,0.002805,0.006506,HTTP3_WEB
1046,1070,0.009425,0.002805,HTTP3_WEB
1045,1046,0.007122,0.009425,HTTP3_WEB
892,1045,0.008219,0.007122,HTTP3_WEB
987,892,0.010219,0.008219,HTTP3_WEB
700,987,0.001007,0.010219,HTTP3_WEB
860,700,0.002867,0.001007,HTTP3_WEB
923,860,0.018186,0.002867,HTTP3_WEB
709,923,0.006974,0.018186,HTTP3_WEB
889,709,0.00107,0.006974,HTTP3_WEB
1096,889,0.0032,0.00107,HTTP3_WEB
938,1096,0.018938,0.0032,HTTP3_WEB
988,938,0.006188,0.018938,HTTP3_WEB
516,988,0.013636,0.006188,HTTP3_WEB
1078,516,0.009484,0.013636,HTTP3_WEB
833,1078,0.00706,0.009484,HTTP3_WEB
752,833,0.012102,0.00706,HTTP3_WEB
835,752,0.000537,0.012102,HTTP3_WEB
652,835,0.003235,0.000537,HTTP3_WEB
1006,652,0.007031,0.003235,HTTP3_WEB
813,1006,0.003628,0.007031,HTTP3_WEB
756,813,0.006677,0.003628,HTTP3_WEB
836,756,0.012415,0.006677,HTTP3_WEB
1016,836,0.009529,0.012415,HTTP3_WEB
878,1016,0.014322,0.009529,HTTP3_WEB
662,878,0.009782,0.014322,HTTP3_WEB
925,662,0.01297,0.009782,HTTP3_WEB
729,925,0.008744,0.01297,HTTP3_WEB
558,729,0.006639,0.008744,HTTP3_WEB
1069,558,0.014922,0.006639,HTTP3_WEB
924,1069,0.006163,0.014922,HTTP3_WEB
849,924,0.010375,0.006163,HTTP3_WEB
811,849,0.012076,0.010375,HTTP3_WEB
1055,811,0.012366,0.012076,HTTP3_WEB
1292,1055,0.004338,0.012366,HTTP3_WEB
922,1292,0.013208,0.004338,HTTP3_WEB
715,922,0.005084,0.013208,HTTP3_WEB
838,715,0.012243,0.005084,HTTP3_WEB
920,838,0.011141,0.012243,HTTP3_WEB
531,920,0.012275,0.011141,HTTP3_WEB
906,531,0.00418,0.012275,HTTP3_WEB
921,906,0.011352,0.00418,HTTP3_WEB
1045,921,0.013342,0.011352,HTTP3_WEB
751,0,0.0,0.0,HTTP3_WEB
916,751,0.016833,0.0,HTTP3_WEB
723,916,0.004082,0.016833,HTTP3_WEB
666,723,0.010987,0.004082,HTTP3_WEB
772,666,0.007139,0.010987,HTTP3_WEB
980,772,0.008576,0.007139,HTTP3_WEB
993,980,0.019577,0.008576,HTTP3_WEB
931,993,0.002988,0.019577,HTTP3_WEB
961,931,0.010015,0.002988,HTTP3_WEB
932,961,0.010871,0.010015,HTTP3_WEB
770,932,0.013343,0.010871,HTTP3_WEB
920,770,0.009392,0.013343,HTTP3_WEB
972,920,0.010232,0.009392,HTTP3_WEB
965,972,0.007433,0.010232,HTTP3_WEB
1026,965,0.010077,0.007433,HTTP3_WEB
959,1026,0.007627,0.010077,HTTP3_WEB
909,959,0.011486,0.007627,HTTP3_WEB
1009,909,0.007522,0.011486,HTTP3_WEB
856,1009,0.010508,0.007522,HTTP3_WEB
736,856,0.008883,0.010508,HTTP3_WEB
837,736,0.013504,0.008883,HTTP3_WEB
755,837,0.008794,0.013504,HTTP3_WEB
765,755,0.001908,0.008794,HTTP3_WEB
839,765,0.014048,0.001908,HTTP3_WEB
749,839,0.005377,0.014048,HTTP3_WEB
816,749,0.006385,0.005377,HTTP3_WEB
594,816,0.006617,0.006385,HTTP3_WEB
889,594,0.014498,0.006617,HTTP3_WEB
860,889,0.000457,0.014498,HTTP3_WEB
745,860,0.021551,0.000457,HTTP3_WEB
952,745,0.013224,0.021551,HTTP3_WEB
991,952,0.009893,0.013224,HTTP3_WEB
634,991,0.00878,0.009893,HTTP3_WEB
753,634,0.010142,0.00878,HTTP3_WEB
752,753,0.011084,0.010142,HTTP3_WEB
728,752,0.011581,0.011084,HTTP3_WEB
976,728,0.011222,0.011581,HTTP3_WEB
832,976,0.009358,0.011222,HTTP3_WEB
822,832,0.008211,0.009358,HTTP3_WEB
579,822,0.008395,0.008211,HTTP3_WEB
948,579,0.00822,0.008395,HTTP3_WEB
686,948,0.013535,0.00822,HTTP3_WEB
868,686,0.011374,0.013535,HTTP3_WEB
898,868,0.002762,0.011374,HTTP3_WEB
1050,898,0.011624,0.002762,HTTP3_WEB
676,1050,0.009779,0.011624,HTTP3_WEB
437,676,0.008925,0.009779,HTTP3_WEB
885,437,0.007446,0.008925,HTTP3_WEB
1112,885,0.013496,0.007446,HTTP3_WEB
1033,1112,0.01279,0.013496,HTTP3_WEB
969,0,0.0,0.0,HTTP3_WEB
522,969,0.016927,0.0,HTTP3_WEB
849,522,0.015275,0.016927,HTTP3_WEB
862,849,0.003688,0.015275,HTTP3_WEB
935,862,0.011089,0.003688,HTTP3_WEB
854,935,0.005734,0.011089,HTTP3_WEB
1142,854,0.009766,0.005734,HTTP3_WEB
890,1142,0.009273,0.009766,HTTP3_WEB
1007,890,0.004778,0.009273,HTTP3_WEB
758,1007,0.013234,0.004778,HTTP3_WEB
876,758,0.009813,0.013234,HTTP3_WEB
1076,876,0.007861,0.009813,HTTP3_WEB
826,1076,0.007248,0.007861,HTTP3_WEB
886,826,0.009559,0.007248,HTTP3_WEB
997,886,0.010632,0.009559,HTTP3_WEB
756,997,0.0085,0.010632,HTTP3_WEB
557,756,0.00233,0.0085,HTTP3_WEB
895,557,0.009068,0.00233,HTTP3_WEB
998,895,0.003234,0.009068,HTTP3_WEB
670,998,0.008162,0.003234,HTTP3_WEB
953,670,0.003382,0.008162,HTTP3_WEB
954,953,0.003334,0.003382,HTTP3_WEB
541,954,0.01394,0.003334,HTTP3_WEB
728,541,0.00772,0.01394,HTTP3_WEB
804,728,0.007413,0.00772,HTTP3_WEB
834,804,0.01093,0.007413,HTTP3_WEB
755,834,0.007518,0.01093,HTTP3_WEB
748,755,0.017415,0.007518,HTTP3_WEB
1094,748,0.007908,0.017415,HTTP3_WEB
844,1094,0.010461,0.007908,HTTP3_WEB
762,844,0.012884,0.010461,HTTP3_WEB
854,762,0.015409,0.012884,HTTP3_WEB
935,854,0.006032,0.015409,HTTP3_WEB
867,935,0.007328,0.006032,HTTP3_WEB
831,867,0.014098,0.007328,HTTP3_WEB
768,831,0.01224,0.014098,HTTP3_WEB
767,768,0.013301,0.01224,HTTP3_WEB
776,767,0.003525,0.013301,HTTP3_WEB
907,776,0.015192,0.003525,HTTP3_WEB
720,907,0.005954,0.015192,HTTP3_WEB
915,720,0.009769,0.005954,HTTP3_WEB
1057,915,0.008407,0.009769,HTTP3_WEB
905,1057,0.005486,0.008407,HTTP3_WEB
808,905,0.00335,0.005486,HTTP3_WEB
678,808,0.002025,0.00335,HTTP3_WEB
1080,678,0.009476,0.002025,HTTP3_WEB
696,1080,0.002899,0.009476,HTTP3_WEB
978,696,0.004465,0.002899,HTTP3_WEB
949,978,0.008128,0.004465,HTTP3_WEB
826,949,0.001555,0.008128,HTTP3_WEB
747,0,0.0,0.0,HTTP3_WEB
994,747,0.011288,0.0,HTTP3_WEB
969,994,0.00866,0.011288,HTTP3_WEB
819,969,0.004027,0.00866,HTTP3_WEB
1057,819,0.005154,0.004027,HTTP3_WEB
803,1057,0.012323,0.005154,HTTP3_WEB
809,803,0.01457,0.012323,HTTP3_WEB
373,809,0.013701,0.01457,HTTP3_WEB
917,373,0.009929,0.013701,HTTP3_WEB
674,917,0.004187,0.009929,HTTP3_WEB
782,674,0.008975,0.004187,HTTP3_WEB
716,782,0.015249,0.008975,HTTP3_WEB
808,716,0.011474,0.015249,HTTP3_WEB
922,808,0.00817,0.011474,HTTP3_WEB
861,922,0.011515,0.00817,HTTP3_WEB
959,861,0.003922,0.011515,HTTP3_WEB
1037,959,0.006217,0.003922,HTTP3_WEB
808,1037,0.004663,0.006217,HTTP3_WEB
793,808,0.010878,0.004663,HTTP3_WEB
994,793,0.011856,0.010878,HTTP3_WEB
1005,994,0.008385,0.011856,HTTP3_WEB
963,1005,0.005508,0.008385,HTTP3_WEB
726,963,0.008921,0.005508,HTTP3_WEB
919,726,0.007054,0.008921,HTTP3_WEB
875,919,0.005815,0.007054,HTTP3_WEB
1007,875,0.010356,0.005815,HTTP3_WEB
779,1007,0.005968,0.010356,HTTP3_WEB
626,779,0.002735,0.005968,HTTP3_WEB
956,626,0.003624,0.002735,HTTP3_WEB
501,956,0.002587,0.003624,HTTP3_WEB
757,501,0.00999,0.002587,HTTP3_WEB
716,757,0.009602,0.00999,HTTP3_WEB
715,716,0.009402,0.009602,HTTP3_WEB
755,715,0.011351,0.009402,HTTP3_WEB
1030,755,0.013768,0.011351,HTTP3_WEB
974,1030,0.006631,0.013768,HTTP3_WEB
824,974,0.010626,0.006631,HTTP3_WEB
1018,824,0.002682,0.010626,HTTP3_WEB
711,1018,0.014515,0.002682,HTTP3_WEB
692,711,0.004021,0.014515,HTTP3_WEB
980,692,0.00616,0.004021,HTTP3_WEB
941,980,0.006609,0.00616,HTTP3_WEB
795,941,0.002895,0.006609,HTTP3_WEB
701,795,0.00913,0.002895,HTTP3_WEB
1064,701,0.009856,0.00913,HTTP3_WEB
619,1064,0.008242,0.009856,HTTP3_WEB
776,619,0.002839,0.008242,HTTP3_WEB
892,776,0.016934,0.002839,HTTP3_WEB
1112,892,0.011197,0.016934,HTTP3_WEB
913,1112,0.019537,0.011197,HTTP3_WEB
914,0,0.0,0.0,HTTP3_WEB
1203,914,0.01637,0.0,HTTP3_WEB
963,1203,0.000331,0.01637,HTTP3_WEB
1051,963,0.014399,0.000331,HTTP3_WEB
1122,1051,0.008277,0.014399,HTTP3_WEB
928,1122,0.001207,0.008277,HTTP3_WEB
899,928,0.010682,0.001207,HTTP3_WEB
710,899,0.007788,0.010682,HTTP3_WEB
843,710,0.01132,0.007788,HTTP3_WEB
758,843,0.013044,0.01132,HTTP3_WEB
803,758,0.003043,0.013044,HTTP3_WEB
1121,803,0.01306,0.003043,HTTP3_WEB
876,1121,0.009026,0.01306,HTTP3_WEB
737,876,0.014411,0.009026,HTTP3_WEB
1052,737,0.008179,0.014411,HTTP3_WEB
993,1052,0.007118,0.008179,HTTP3_WEB
1001,993,0.009108,0.007118,HTTP3_WEB
579,1001,0.009407,0.009108,HTTP3_WEB
1132,579,0.006349,0.009407,HTTP3_WEB
781,1132,0.007015,0.006349,HTTP3_WEB
968,781,0.004092,0.007015,HTTP3_WEB
1213,968,0.007261,0.004092,HTTP3_WEB
1161,1213,0.011705,0.007261,HTTP3_WEB
723,1161,0.008451,0.011705,HTTP3_WEB
657,723,0.013036,0.008451,HTTP3_WEB
1060,657,0.008258,0.013036,HTTP3_WEB
879,1060,0.003274,0.008258,HTTP3_WEB
789,879,0.011389,0.003274,HTTP3_WEB
946,789,0.006306,0.011389,HTTP3_WEB
837,946,0.008067,0.006306,HTTP3_WEB
958,837,0.01395,0.008067,HTTP3_WEB
869,958,0.004357,0.01395,HTTP3_WEB
961,869,0.009659,0.004357,HTTP3_WEB
734,961,0.008838,0.009659,HTTP3_WEB
1059,734,0.011804,0.008838,HTTP3_WEB
957,1059,0.012421,0.011804,HTTP3_WEB
950,957,0.010055,0.012421,HTTP3_WEB
703,950,0.007559,0.010055,HTTP3_WEB
1097,703,0.010893,0.007559,HTTP3_WEB
858,1097,0.014343,0.010893,HTTP3_WEB
961,858,0.008891,0.014343,HTTP3_WEB
814,961,0.007931,0.008891,HTTP3_WEB
896,814,0.010553,0.007931,HTTP3_WEB
901,896,0.009155,0.010553,HTTP3_WEB
465,901,0.003649,0.009155,HTTP3_WEB
941,465,0.009957,0.003649,HTTP3_WEB
1135,941,0.003613,0.009957,HTTP3_WEB
935,1135,0.010498,0.003613,HTTP3_WEB
725,935,0.005811,0.010498,HTTP3_WEB
950,725,0.009147,0.005811,HTTP3_WEB
875,0,0.0,0.0,HTTP3_WEB
922,875,0.004845,0.0,HTTP3_WEB
567,922,0.009543,0.004845,HTTP3_WEB
1057,567,0.00966,0.009543,HTTP3_WEB
1047,1057,0.006223,0.00966,HTTP3_WEB
533,1047,0.01032,0.006223,HTTP3_WEB
1012,533,0.004969,0.01032,HTTP3_WEB
1007,1012,0.004532,0.004969,HTTP3_WEB
860,1007,0.009398,0.004532,HTTP3_WEB
678,860,0.002361,0.009398,HTTP3_WEB
1002,678,0.000421,0.002361,HTTP3_WEB
826,1002,0.011131,0.000421,HTTP3_WEB
936,826,0.013196,0.011131,HTTP3_WEB
1170,936,0.007133,0.013196,HTTP3_WEB
895,1170,0.006328,0.007133,HTTP3_WEB
731,895,0.013022,0.006328,HTTP3_WEB
812,731,0.004418,0.013022,HTTP3_WEB
749,812,0.003547,0.004418,HTTP3_WEB
920,749,0.011831,0.003547,HTTP3_WEB
747,920,0.009036,0.011831,HTTP3_WEB
793,747,0.01326,0.009036,HTTP3_WEB
680,793,0.000439,0.01326,HTTP3_WEB
841,680,0.003397,0.000439,HTTP3_WEB
884,841,0.009057,0.003397,HTTP3_WEB
484,884,0.010671,0.009057,HTTP3_WEB
896,484,0.012388,0.010671,HTTP3_WEB
853,896,0.009699,0.012388,HTTP3_WEB
752,853,0.009659,0.009699,HTTP3_WEB
1144,752,0.007442,0.009659,HTTP3_WEB
994,1144,0.015364,0.007442,HTTP3_WEB
706,994,0.004588,0.015364,HTTP3_WEB
977,706,0.010436,0.004588,HTTP3_WEB
1034,977,0.005049,0.010436,HTTP3_WEB
878,1034,0.011139,0.005049,HTTP3_WEB
910,878,0.004852,0.011139,HTTP3_WEB
907,910,0.011975,0.004852,HTTP3_WEB
567,907,0.009448,0.011975,HTTP3_WEB
833,567,0.015979,0.009448,HTTP3_WEB
826,833,0.007876,0.015979,HTTP3_WEB
1060,826,0.0107,0.007876,HTTP3_WEB
906,1060,0.005881,0.0107,HTTP3_WEB
818,906,0.007848,0.005881,HTTP3_WEB
847,818,0.009423,0.007848,HTTP3_WEB
1003,847,0.002891,0.009423,HTTP3_WEB
834,1003,0.00333,0.002891,HTTP3_WEB
762,834,0.011399,0.00333,HTTP3_WEB
821,762,0.008416,0.011399,HTTP3_WEB
991,821,0.006628,0.008416,HTTP3_WEB
929,991,0.006052,0.006628,HTTP3_WEB
866,929,0.006206,0.006052,HTTP3_WEB
709,0,0.0,0.0,HTTP3_WEB
697,709,0.010413,0.0,HTTP3_WEB
818,697,0.013136,0.010413,HTTP3_WEB
1013,818,0.010141,0.013136,HTTP3_WEB
715,1013,0.010596,0.010141,HTTP3_WEB
1015,715,0.011622,0.010596,HTTP3_WEB
864,1015,0.010517,0.011622,HTTP3_WEB
704,864,0.015436,0.010517,HTTP3_WEB
614,704,0.004839,0.015436,HTTP3_WEB
646,614,0.009962,0.004839,HTTP3_WEB
766,646,0.001727,0.009962,HTTP3_WEB
836,766,0.000705,0.001727,HTTP3_WEB
1048,836,0.008673,0.000705,HTTP3_WEB
971,1048,0.011174,0.008673,HTTP3_WEB
742,971,0.015523,0.011174,HTTP3_WEB
917,742,0.018679,0.015523,HTTP3_WEB
1091,917,0.014279,0.018679,HTTP3_WEB
1122,1091,0.011909,0.014279,HTTP3_WEB
815,1122,0.00964,0.011909,HTTP3_WEB
994,815,0.002875,0.00964,HTTP3_WEB
1054,994,0.008416,0.002875,HTTP3_WEB
649,1054,0.014162,0.008416,HTTP3_WEB
788,649,0.012593,0.014162,HTTP3_WEB
1170,788,0.003855,0.012593,HTTP3_WEB
817,1170,0.011456,0.003855,HTTP3_WEB
449,817,0.011114,0.011456,HTTP3_WEB
843,449,0.0104,0.011114,HTTP3_WEB
1017,843,0.008889,0.0104,HTTP3_WEB
860,1017,0.011662,0.008889,HTTP3_WEB
960,860,0.011789,0.011662,HTTP3_WEB
991,960,0.006434,0.011789,HTTP3_WEB
810,991,0.01082,0.006434,HTTP3_WEB
787,810,0.008242,0.01082,HTTP3_WEB
881,787,0.003051,0.008242,HTTP3_WEB
884,881,0.006754,0.003051,HTTP3_WEB
867,884,0.002745,0.006754,HTTP3_WEB
873,867,0.01292,0.002745,HTTP3_WEB
755,873,0.010424,0.01292,HTTP3_WEB
965,755,0.007578,0.010424,HTTP3_WEB
943,965,0.014682,0.007578,HTTP3_WEB
672,943,0.009272,0.014682,HTTP3_WEB
805,672,0.003275,0.009272,HTTP3_WEB
873,805,0.007242,0.003275,HTTP3_WEB
785,873,0.015531,0.007242,HTTP3_WEB
949,785,0.006322,0.015531,HTTP3_WEB
850,949,0.010101,0.006322,HTTP3_WEB
883,850,0.011976,0.010101,HTTP3_WEB
803,883,0.01136,0.011976,HTTP3_WEB
580,803,0.018798,0.01136,HTTP3_WEB
572,580,0.004295,0.018798,HTTP3_WEB
419,0,0.0,0.0,DOH
362,419,0.034446,0.0,DOH
293,362,0.032648,0.034446,DOH
373,293,0.052623,0.032648,DOH
440,373,0.027821,0.052623,DOH
392,440,0.030866,0.027821,DOH
390,392,0.035422,0.030866,DOH
332,390,0.033038,0.035422,DOH
327,332,0.056431,0.033038,DOH
380,327,0.026337,0.056431,DOH
315,380,0.035447,0.026337,DOH
415,315,0.043985,0.035447,DOH
422,0,0.0,0.0,DOH
363,422,0.044425,0.0,DOH
303,363,0.044726,0.044425,DOH
338,303,0.016868,0.044726,DOH
450,338,0.036653,0.016868,DOH
367,450,0.050142,0.036653,DOH
369,367,0.039413,0.050142,DOH
366,369,0.023138,0.039413,DOH
465,366,0.039371,0.023138,DOH
453,465,0.060449,0.039371,DOH
479,453,0.054963,0.060449,DOH
372,479,0.039256,0.054963,DOH
403,0,0.0,0.0,DOH
335,403,0.03771,0.0,DOH
349,335,0.04081,0.03771,DOH
349,349,0.045341,0.04081,DOH
363,349,0.0358,0.045341,DOH
404,363,0.028047,0.0358,DOH
393,404,0.033612,0.028047,DOH
396,393,0.054342,0.033612,DOH
440,396,0.041394,0.054342,DOH
411,440,0.029861,0.041394,DOH
373,411,0.044819,0.029861,DOH
326,373,0.04562,0.044819,DOH
402,0,0.0,0.0,DOH
556,402,0.045492,0.0,DOH
286,556,0.00703,0.045492,DOH
457,286,0.034003,0.00703,DOH
367,457,0.033685,0.034003,DOH
392,367,0.05666,0.033685,DOH
377,392,0.03538,0.05666,DOH
360,377,0.044596,0.03538,DOH
354,360,0.041695,0.044596,DOH
394,354,0.014433,0.041695,DOH
311,394,0.049218,0.014433,DOH
413,311,0.042585,0.049218,DOH
456,0,0.0,0.0,DOH
428,456,0.027312,0.0,DOH
352,428,0.034815,0.027312,DOH
338,352,0.058775,0.034815,DOH
442,338,0.037039,0.058775,DOH
454,442,0.034377,0.037039,DOH
281,454,0.019918,0.034377,DOH
384,281,0.03212,0.019918,DOH
368,384,0.025205,0.03212,DOH
409,368,0.027962,0.025205,DOH
467,409,0.041439,0.027962,DOH
358,467,0.035186,0.041439,DOH
405,0,0.0,0.0,DOH
411,405,0.043581,0.0,DOH
408,411,0.039338,0.043581,DOH
329,408,0.045819,0.039338,DOH
303,329,0.020212,0.045819,DOH
310,303,0.040119,0.020212,DOH
367,310,0.064908,0.040119,DOH
406,367,0.035533,0.064908,DOH
330,406,0.049897,0.035533,DOH
421,330,0.049792,0.049897,DOH
357,421,0.050382,0.049792,DOH
357,357,0.042,0.050382,DOH
369,0,0.0,0.0,DOH
387,369,0.038429,0.0,DOH
370,387,0.029051,0.038429,DOH
351,370,0.042262,0.029051,DOH
387,351,0.040802,0.042262,DOH
342,387,0.052923,0.040802,DOH
394,342,0.031103,0.052923,DOH
369,394,0.05993,0.031103,DOH
411,369,0.047977,0.05993,DOH
424,411,0.041092,0.047977,DOH
424,424,0.037831,0.041092,DOH
394,424,0.036321,0.037831,DOH
353,0,0.0,0.0,DOH
426,353,0.062652,0.0,DOH
311,426,0.046679,0.062652,DOH
252,311,0.023974,0.046679,DOH
359,252,0.045832,0.023974,DOH
404,359,0.021432,0.045832,DOH
434,404,0.052992,0.021432,DOH
359,434,0.034347,0.052992,DOH
361,359,0.038876,0.034347,DOH
431,361,0.05591,0.038876,DOH
295,431,0.024554,0.05591,DOH
362,295,0.023235,0.024554,DOH
351,0,0.0,0.0,DOH
296,351,0.058427,0.0,DOH
451,296,0.046465,0.058427,DOH
363,451,0.037465,0.046465,DOH
484,363,0.03472,0.037465,DOH
467,484,0.046596,0.03472,DOH
339,467,0.040911,0.046596,DOH
348,339,0.020679,0.040911,DOH
400,348,0.052382,0.020679,DOH
301,400,0.05615,0.052382,DOH
360,301,0.048847,0.05615,DOH
355,360,0.026901,0.048847,DOH
369,0,0.0,0.0,DOH
432,369,0.057153,0.0,DOH
412,432,0.057573,0.057153,DOH
370,412,0.033261,0.057573,DOH
409,370,0.063878,0.033261,DOH
358,409,0.044211,0.063878,DOH
485,358,0.059517,0.044211,DOH
260,485,0.033969,0.059517,DOH
410,260,0.036417,0.033969,DOH
300,410,0.043288,0.036417,DOH
369,300,0.041823,0.043288,DOH
376,369,0.055058,0.041823,DOH
388,0,0.0,0.0,DOH
332,388,0.037921,0.0,DOH
442,332,0.057859,0.037921,DOH
367,442,0.02238,0.057859,DOH
422,367,0.057823,0.02238,DOH
429,422,0.0371,0.057823,DOH
428,429,0.011947,0.0371,DOH
354,428,0.023599,0.011947,DOH
353,354,0.028438,0.023599,DOH
369,353,0.032513,0.028438,DOH
408,369,0.038743,0.032513,DOH
357,408,0.007558,0.038743,DOH
371,0,0.0,0.0,DOH
342,371,0.052542,0.0,DOH
358,342,0.04988,0.052542,DOH
354,358,0.027401,0.04988,DOH
329,354,0.051498,0.027401,DOH
341,329,0.016403,0.051498,DOH
315,341,0.06915,0.016403,DOH
418,315,0.055604,0.06915,DOH
338,418,0.033283,0.055604,DOH
325,338,0.044589,0.033283,DOH
417,325,0.023189,0.044589,DOH
396,417,0.040725,0.023189,DOH
414,0,0.0,0.0,DOH
328,414,0.029619,0.0,DOH
403,328,0.058814,0.029619,DOH
423,403,0.029686,0.058814,DOH
363,423,0.046302,0.029686,DOH
433,363,0.026346,0.046302,DOH
401,433,0.046281,0.026346,DOH
348,401,0.036093,0.046281,DOH
443,348,0.03625,0.036093,DOH
328,443,0.04732,0.03625,DOH
363,328,0.03437,0.04732,DOH
370,363,0.022862,0.03437,DOH
406,0,0.0,0.0,DOH
362,406,0.0612,0.0,DOH
359,362,0.017967,0.0612,DOH
420,359,0.030586,0.017967,DOH
420,420,0.053735,0.030586,DOH
455,420,0.042517,0.053735,DOH
453,455,0.051137,0.042517,DOH
421,453,0.046514,0.051137,DOH
302,421,0.057635,0.046514,DOH
462,302,0.043545,0.057635,DOH
421,462,0.047961,0.043545,DOH
345,421,0.031309,0.047961,DOH
389,0,0.0,0.0,DOH
383,389,0.046402,0.0,DOH
452,383,0.036199,0.046402,DOH
467,452,0.039729,0.036199,DOH
345,467,0.037773,0.039729,DOH
380,345,0.03614,0.037773,DOH
388,380,0.040911,0.03614,DOH
344,388,0.036728,0.040911,DOH
408,344,0.057319,0.036728,DOH
369,408,0.013523,0.057319,DOH
331,369,0.03345,0.013523,DOH
367,331,0.029557,0.03345,DOH
363,0,0.0,0.0,DOH
392,363,0.026348,0.0,DOH
321,392,0.054551,0.026348,DOH
345,321,0.060818,0.054551,DOH
381,345,0.05398,0.060818,DOH
366,381,0.025053,0.05398,DOH
407,366,0.01636,0.025053,DOH
504,407,0.048505,0.01636,DOH
384,504,0.030878,0.048505,DOH
342,384,0.043446,0.030878,DOH
443,342,0.058422,0.043446,DOH
308,443,0.032117,0.058422,DOH
309,0,0.0,0.0,DOH
401,309,0.035264,0.0,DOH
365,401,0.016152,0.035264,DOH
439,365,0.03691,0.016152,DOH
410,439,0.053765,0.03691,DOH
429,410,0.03958,0.053765,DOH
346,429,0.059898,0.03958,DOH
427,346,0.049436,0.059898,DOH
445,427,0.056178,0.049436,DOH
378,445,0.030821,0.056178,DOH
346,378,0.03053,0.030821,DOH
347,346,0.044147,0.03053,DOH
382,0,0.0,0.0,DOH
411,382,0.037845,0.0,DOH
394,411,0.018924,0.037845,DOH
387,394,0.042144,0.018924,DOH
408,387,0.058877,0.042144,DOH
388,408,0.020695,0.058877,DOH
326,388,0.028411,0.020695,DOH
428,326,0.045122,0.028411,DOH
416,428,0.040463,0.045122,DOH
285,416,0.044934,0.040463,DOH
350,285,0.031608,0.044934,DOH
426,350,0.053949,0.031608,DOH
388,0,0.0,0.0,DOH
303,388,0.052725,0.0,DOH
342,303,0.05816,0.052725,DOH
357,342,0.057778,0.05816,DOH
370,357,0.012826,0.057778,DOH
383,370,0.028778,0.012826,DOH
447,383,0.012701,0.028778,DOH
420,447,0.025677,0.012701,DOH
345,420,0.032206,0.025677,DOH
368,345,0.044927,0.032206,DOH
365,368,0.033761,0.044927,DOH
356,365,0.034095,0.033761,DOH
403,0,0.0,0.0,DOH
437,403,0.027896,0.0,DOH
417,437,0.023297,0.027896,DOH
363,417,0.027867,0.023297,DOH
293,363,0.047149,0.027867,DOH
419,293,0.027791,0.047149,DOH
366,419,0.028203,0.027791,DOH
383,366,0.020574,0.028203,DOH
372,383,0.055227,0.020574,DOH
319,372,0.045216,0.055227,DOH
396,319,0.010092,0.045216,DOH
390,396,0.028213,0.010092,DOH
282,0,0.0,0.0,DOH
413,282,0.039591,0.0,DOH
399,413,0.046748,0.039591,DOH
351,399,0.035346,0.046748,DOH
404,351,0.036426,0.035346,DOH
314,404,0.02588,0.036426,DOH
426,314,0.039821,0.02588,DOH
364,426,0.035982,0.039821,DOH
342,364,0.045989,0.035982,DOH
352,342,0.046762,0.045989,DOH
369,352,0.049495,0.046762,DOH
379,369,0.033901,0.049495,DOH
329,0,0.0,0.0,DOH
459,329,0.047157,0.0,DOH
261,459,0.034144,0.047157,DOH
365,261,0.049852,0.034144,DOH
384,365,0.020349,0.049852,DOH
402,384,0.041435,0.020349,DOH
338,402,0.04383,0.041435,DOH
431,338,0.041572,0.04383,DOH
317,431,0.035995,0.041572,DOH
354,317,0.027853,0.035995,DOH
407,354,0.030528,0.027853,DOH
426,407,0.041225,0.030528,DOH
387,0,0.0,0.0,DOH
355,387,0.049909,0.0,DOH
302,355,0.030742,0.049909,DOH
464,302,0.056764,0.030742,DOH
369,464,0.030878,0.056764,DOH
334,369,0.040462,0.030878,DOH
318,334,0.043673,0.040462,DOH
334,318,0.049412,0.043673,DOH
421,334,0.063622,0.049412,DOH
427,421,0.034576,0.063622,DOH
409,427,0.053665,0.034576,DOH
385,409,0.063643,0.053665,DOH
297,0,0.0,0.0,DOH
378,297,0.027071,0.0,DOH
408,378,0.056518,0.027071,DOH
385,408,0.043758,0.056518,DOH
374,385,0.048245,0.043758,DOH
321,374,0.057598,0.048245,DOH
390,321,0.026661,0.057598,DOH
345,390,0.03957,0.026661,DOH
281,345,0.033623,0.03957,DOH
433,281,0.021186,0.033623,DOH
423,433,0.044161,0.021186,DOH
382,423,0.070139,0.044161,DOH
348,0,0.0,0.0,DOH
338,348,0.043443,0.0,DOH
435,338,0.030017,0.043443,DOH
362,435,0.032341,0.030017,DOH
428,362,0.030215,0.032341,DOH
407,428,0.027205,0.030215,DOH
483,407,0.065497,0.027205,DOH
313,483,0.055976,0.065497,DOH
436,313,0.063044,0.055976,DOH
431,436,0.025325,0.063044,DOH
336,431,0.040855,0.025325,DOH
425,336,0.024478,0.040855,DOH
245,0,0.0,0.0,DOH3
254,245,0.031987,0.0,DOH3
327,254,0.042128,0.031987,DOH3
223,327,0.034806,0.042128,DOH3
231,223,0.027973,0.034806,DOH3
308,231,0.022603,0.027973,DOH3
246,308,0.03866,0.022603,DOH3
244,246,0.027174,0.03866,DOH3
296,244,0.028283,0.027174,DOH3
210,296,0.02828,0.028283,DOH3
246,0,0.0,0.0,DOH3
254,246,0.034631,0.0,DOH3
220,254,0.026405,0.034631,DOH3
285,220,0.055038,0.026405,DOH3
231,285,0.037801,0.055038,DOH3
222,231,0.030841,0.037801,DOH3
259,222,0.033126,0.030841,DOH3
255,259,0.034071,0.033126,DOH3
268,255,0.034367,0.034071,DOH3
240,268,0.0276,0.034367,DOH3
266,0,0.0,0.0,DOH3
303,266,0.038202,0.0,DOH3
281,303,0.029353,0.038202,DOH3
230,281,0.030729,0.029353,DOH3
346,230,0.030732,0.030729,DOH3
269,346,0.028498,0.030732,DOH3
304,269,0.041917,0.028498,DOH3
254,304,0.029163,0.041917,DOH3
278,254,0.018805,0.029163,DOH3
289,278,0.026065,0.018805,DOH3
257,0,0.0,0.0,DOH3
267,257,0.031873,0.0,DOH3
212,267,0.016146,0.031873,DOH3
216,212,0.037933,0.016146,DOH3
164,216,0.039965,0.037933,DOH3
292,164,0.022703,0.039965,DOH3
260,292,0.019774,0.022703,DOH3
296,260,0.02697,0.019774,DOH3
220,296,0.030239,0.02697,DOH3
260,220,0.027358,0.030239,DOH3
232,0,0.0,0.0,DOH3
352,232,0.02651,0.0,DOH3
284,352,0.021575,0.02651,DOH3
360,284,0.034032,0.021575,DOH3
288,360,0.032023,0.034032,DOH3
240,288,0.035421,0.032023,DOH3
289,240,0.021604,0.035421,DOH3
291,289,0.040978,0.021604,DOH3
273,291,0.025265,0.040978,DOH3
282,273,0.036808,0.025265,DOH3
266,0,0.0,0.0,DOH3
265,266,0.021795,0.0,DOH3
284,265,0.037627,0.021795,DOH3
299,284,0.021852,0.037627,DOH3
261,299,0.037879,0.021852,DOH3
242,261,0.015748,0.037879,DOH3
282,242,0.029063,0.015748,DOH3
194,282,0.021791,0.029063,DOH3
291,194,0.038699,0.021791,DOH3
235,291,0.041152,0.038699,DOH3
302,0,0.0,0.0,DOH3
264,302,0.031597,0.0,DOH3
304,264,0.023225,0.031597,DOH3
225,304,0.02889,0.023225,DOH3
291,225,0.023823,0.02889,DOH3
276,291,0.017528,0.023823,DOH3
268,276,0.03386,0.017528,DOH3
275,268,0.029504,0.03386,DOH3
226,275,0.036126,0.029504,DOH3
218,226,0.037944,0.036126,DOH3
217,0,0.0,0.0,DOH3
265,217,0.027593,0.0,DOH3
228,265,0.030079,0.027593,DOH3
277,228,0.026744,0.030079,DOH3
261,277,0.028357,0.026744,DOH3
191,261,0.032121,0.028357,DOH3
282,191,0.020066,0.032121,DOH3
288,282,0.019841,0.020066,DOH3
225,288,0.016115,0.019841,DOH3
274,225,0.013997,0.016115,DOH3
310,0,0.0,0.0,DOH3
308,310,0.040601,0.0,DOH3
314,308,0.030337,0.040601,DOH3
173,314,0.048831,0.030337,DOH3
285,173,0.03032,0.048831,DOH3
278,285,0.042923,0.03032,DOH3
276,278,0.02568,0.042923,DOH3
267,276,0.053338,0.02568,DOH3
268,267,0.045701,0.053338,DOH3
304,268,0.02872,0.045701,DOH3
241,0,0.0,0.0,DOH3
277,241,0.022902,0.0,DOH3
305,277,0.039789,0.022902,DOH3
221,305,0.016283,0.039789,DOH3
247,221,0.046088,0.016283,DOH3
254,247,0.038282,0.046088,DOH3
211,254,0.040909,0.038282,DOH3
280,211,0.025371,0.040909,DOH3
234,280,0.028501,0.025371,DOH3
253,234,0.015668,0.028501,DOH3
306,0,0.0,0.0,DOH3
237,306,0.021929,0.0,DOH3
273,237,0.040034,0.021929,DOH3
255,273,0.031218,0.040034,DOH3
281,255,0.045453,0.031218,DOH3
312,281,0.054142,0.045453,DOH3
251,312,0.025298,0.054142,DOH3
201,251,0.025709,0.025298,DOH3
286,201,0.027538,0.025709,DOH3
230,286,0.035957,0.027538,DOH3
275,0,0.0,0.0,DOH3
273,275,0.038496,0.0,DOH3
240,273,0.036929,0.038496,DOH3
255,240,0.035826,0.036929,DOH3
318,255,0.022001,0.035826,DOH3
227,318,0.01092,0.022001,DOH3
316,227,0.026069,0.01092,DOH3
248,316,0.040016,0.026069,DOH3
306,248,0.043935,0.040016,DOH3
210,306,0.037105,0.043935,DOH3
266,0,0.0,0.0,DOH3
302,266,0.004116,0.0,DOH3
276,302,0.030598,0.004116,DOH3
234,276,0.039495,0.030598,DOH3
313,234,0.019862,0.039495,DOH3
283,313,0.038479,0.019862,DOH3
194,283,0.019641,0.038479,DOH3
290,194,0.028534,0.019641,DOH3
240,290,0.037527,0.028534,DOH3
266,240,0.018125,0.037527,DOH3
274,0,0.0,0.0,DOH3
266,274,0.019032,0.0,DOH3
229,266,0.037866,0.019032,DOH3
297,229,0.024578,0.037866,DOH3
291,297,0.038232,0.024578,DOH3
222,291,0.036832,0.038232,DOH3
306,222,0.031553,0.036832,DOH3
264,306,0.011656,0.031553,DOH3
264,264,0.036812,0.011656,DOH3
253,264,0.03502,0.036812,DOH3
268,0,0.0,0.0,DOH3
187,268,0.031916,0.0,DOH3
279,187,0.035062,0.031916,DOH3
240,279,0.044473,0.035062,DOH3
327,240,0.035681,0.044473,DOH3
232,327,0.019503,0.035681,DOH3
200,232,0.043626,0.019503,DOH3
243,200,0.046406,0.043626,DOH3
190,243,0.061521,0.046406,DOH3
286,190,0.018765,0.061521,DOH3
242,0,0.0,0.0,DOH3
282,242,0.033606,0.0,DOH3
260,282,0.021365,0.033606,DOH3
210,260,0.029688,0.021365,DOH3
225,210,0.03018,0.029688,DOH3
266,225,0.034726,0.03018,DOH3
257,266,0.016331,0.034726,DOH3
239,257,0.035926,0.016331,DOH3
243,239,0.002956,0.035926,DOH3
284,243,0.023701,0.002956,DOH3
226,0,0.0,0.0,DOH3
253,226,0.040606,0.0,DOH3
266,253,0.011733,0.040606,DOH3
215,266,0.03141,0.011733,DOH3
222,215,0.041996,0.03141,DOH3
235,222,0.030593,0.041996,DOH3
226,235,0.018577,0.030593,DOH3
261,226,0.040075,0.018577,DOH3
272,261,0.023517,0.040075,DOH3
267,272,0.021757,0.023517,DOH3
257,0,0.0,0.0,DOH3
302,257,0.029091,0.0,DOH3
226,302,0.037741,0.029091,DOH3
318,226,0.03631,0.037741,DOH3
291,318,0.031351,0.03631,DOH3
208,291,0.017723,0.031351,DOH3
246,208,0.036131,0.017723,DOH3
223,246,0.021386,0.036131,DOH3
283,223,0.020841,0.021386,DOH3
225,283,0.018615,0.020841,DOH3
254,0,0.0,0.0,DOH3
228,254,0.039943,0.0,DOH3
216,228,0.004437,0.039943,DOH3
279,216,0.031414,0.004437,DOH3
283,279,0.043489,0.031414,DOH3
267,283,0.044977,0.043489,DOH3
233,267,0.027682,0.044977,DOH3
222,233,0.016738,0.027682,DOH3
209,222,0.043665,0.016738,DOH3
240,209,0.029481,0.043665,DOH3
251,0,0.0,0.0,DOH3
193,251,0.043566,0.0,DOH3
244,193,0.027996,0.043566,DOH3
223,244,0.032318,0.027996,DOH3
238,223,0.04146,0.032318,DOH3
255,238,0.022226,0.04146,DOH3
293,255,0.045588,0.022226,DOH3
267,293,0.014695,0.045588,DOH3
270,267,0.046296,0.014695,DOH3
221,270,0.026273,0.046296,DOH3
254,0,0.0,0.0,DOH3
271,254,0.030528,0.0,DOH3
316,271,0.031502,0.030528,DOH3
254,316,0.010376,0.031502,DOH3
287,254,0.028933,0.010376,DOH3
274,287,0.041493,0.028933,DOH3
281,274,0.035556,0.041493,DOH3
273,281,0.008444,0.035556,DOH3
240,273,0.025503,0.008444,DOH3
244,240,0.047319,0.025503,DOH3
213,0,0.0,0.0,DOH3
257,213,0.023961,0.0,DOH3
256,257,0.026071,0.023961,DOH3
294,256,0.022789,0.026071,DOH3
225,294,0.028472,0.022789,DOH3
294,225,0.045082,0.028472,DOH3
256,294,0.024026,0.045082,DOH3
221,256,0.025123,0.024026,DOH3
214,221,0.034598,0.025123,DOH3
327,214,0.028252,0.034598,DOH3
303,0,0.0,0.0,DOH3
271,303,0.044958,0.0,DOH3
223,271,0.039728,0.044958,DOH3
184,223,0.031179,0.039728,DOH3
231,184,0.028003,0.031179,DOH3
306,231,0.012928,0.028003,DOH3
323,306,0.033246,0.012928,DOH3
251,323,0.028739,0.033246,DOH3
208,251,0.03554,0.028739,DOH3
237,208,0.038578,0.03554,DOH3
269,0,0.0,0.0,DOH3
237,269,0.025689,0.0,DOH3
266,237,0.040951,0.025689,DOH3
186,266,0.038293,0.040951,DOH3
239,186,0.034186,0.038293,DOH3
298,239,0.02673,0.034186,DOH3
228,298,0.029236,0.02673,DOH3
280,228,0.028525,0.029236,DOH3
231,280,0.026896,0.028525,DOH3
287,231,0.023989,0.026896,DOH3
193,0,0.0,0.0,DOH3
239,193,0.036219,0.0,DOH3
328,239,0.022429,0.036219,DOH3
269,328,0.027623,0.022429,DOH3
292,269,0.007387,0.027623,DOH3
228,292,0.020978,0.007387,DOH3
204,228,0.02619,0.020978,DOH3
217,204,0.035463,0.02619,DOH3
256,217,0.022496,0.035463,DOH3
190,256,0.017537,0.022496,DOH3
155,0,0.0,0.0,DOQ
136,155,0.027839,0.0,DOQ
115,136,0.017325,0.027839,DOQ
140,115,0.023219,0.017325,DOQ
169,140,0.019254,0.023219,DOQ
114,169,0.023114,0.019254,DOQ
123,114,0.031055,0.023114,DOQ
147,123,0.025634,0.031055,DOQ
147,0,0.0,0.0,DOQ
147,147,0.014558,0.0,DOQ
172,147,0.023762,0.014558,DOQ
124,172,0.021597,0.023762,DOQ
137,124,0.015177,0.021597,DOQ
141,137,0.016643,0.015177,DOQ
110,141,0.031198,0.016643,DOQ
126,110,0.022196,0.031198,DOQ
103,0,0.0,0.0,DOQ
138,103,0.015078,0.0,DOQ
163,138,0.026528,0.015078,DOQ
148,163,0.023197,0.026528,DOQ
183,148,0.024838,0.023197,DOQ
165,183,0.018127,0.024838,DOQ
131,165,0.012033,0.018127,DOQ
145,131,0.02502,0.012033,DOQ
165,0,0.0,0.0,DOQ
153,165,0.021352,0.0,DOQ
182,153,0.018382,0.021352,DOQ
164,182,0.023907,0.018382,DOQ
179,164,0.025897,0.023907,DOQ
95,179,0.025491,0.025897,DOQ
146,95,0.019539,0.025491,DOQ
138,146,0.023707,0.019539,DOQ
136,0,0.0,0.0,DOQ
132,136,0.028324,0.0,DOQ
156,132,0.016183,0.028324,DOQ
142,156,0.021516,0.016183,DOQ
167,142,0.027333,0.021516,DOQ
152,167,0.024167,0.027333,DOQ
132,152,0.024554,0.024167,DOQ
151,132,0.028648,0.024554,DOQ
166,0,0.0,0.0,DOQ
135,166,0.025068,0.0,DOQ
137,135,0.029982,0.025068,DOQ
181,137,0.029926,0.029982,DOQ
142,181,0.024114,0.029926,DOQ
132,142,0.016769,0.024114,DOQ
160,132,0.018751,0.016769,DOQ
143,160,0.02157,0.018751,DOQ
165,0,0.0,0.0,DOQ
150,165,0.029593,0.0,DOQ
142,150,0.016052,0.029593,DOQ
164,142,0.027524,0.016052,DOQ
128,164,0.017431,0.027524,DOQ
143,128,0.019753,0.017431,DOQ
164,143,0.020068,0.019753,DOQ
155,164,0.022653,0.020068,DOQ
135,0,0.0,0.0,DOQ
135,135,0.029074,0.0,DOQ
147,135,0.025581,0.029074,DOQ
132,147,0.009858,0.025581,DOQ
146,132,0.023203,0.009858,DOQ
133,146,0.020085,0.023203,DOQ
134,133,0.014358,0.020085,DOQ
164,134,0.02401,0.014358,DOQ
131,0,0.0,0.0,DOQ
148,131,0.02879,0.0,DOQ
102,148,0.023922,0.02879,DOQ
148,102,0.025989,0.023922,DOQ
164,148,0.027905,0.025989,DOQ
112,164,0.015414,0.027905,DOQ
166,112,0.028328,0.015414,DOQ
131,166,0.01726,0.028328,DOQ
153,0,0.0,0.0,DOQ
133,153,0.028323,0.0,DOQ
162,133,0.014833,0.028323,DOQ
145,162,0.023715,0.014833,DOQ
152,145,0.016929,0.023715,DOQ
125,152,0.02532,0.016929,DOQ
133,125,0.021796,0.02532,DOQ
135,133,0.012431,0.021796,DOQ
158,0,0.0,0.0,DOQ
143,158,0.013885,0.0,DOQ
121,143,0.012498,0.013885,DOQ
166,121,0.024478,0.012498,DOQ
133,166,0.020716,0.024478,DOQ
126,133,0.024276,0.020716,DOQ
141,126,0.026143,0.024276,DOQ
126,141,0.023594,0.026143,DOQ
166,0,0.0,0.0,DOQ
168,166,0.024491,0.0,DOQ
123,168,0.028203,0.024491,DOQ
160,123,0.030802,0.028203,DOQ
141,160,0.027836,0.030802,DOQ
147,141,0.021337,0.027836,DOQ
147,147,0.029306,0.021337,DOQ
146,147,0.023528,0.029306,DOQ
162,0,0.0,0.0,DOQ
125,162,0.025506,0.0,DOQ
143,125,0.021397,0.025506,DOQ
138,143,0.021656,0.021397,DOQ
124,138,0.024463,0.021656,DOQ
152,124,0.020614,0.024463,DOQ
134,152,0.030359,0.020614,DOQ
158,134,0.027036,0.030359,DOQ
158,0,0.0,0.0,DOQ
131,158,0.026534,0.0,DOQ
131,131,0.022587,0.026534,DOQ
128,131,0.021096,0.022587,DOQ
140,128,0.018957,0.021096,DOQ
128,140,0.020919,0.018957,DOQ
154,128,0.022962,0.020919,DOQ
92,154,0.032372,0.022962,DOQ
164,0,0.0,0.0,DOQ
152,164,0.010394,0.0,DOQ
122,152,0.022953,0.010394,DOQ
112,122,0.018254,0.022953,DOQ
125,112,0.022001,0.018254,DOQ
161,125,0.031909,0.022001,DOQ
138,161,0.023349,0.031909,DOQ
146,138,0.015896,0.023349,DOQ
132,0,0.0,0.0,DOQ
153,132,0.029719,0.0,DOQ
137,153,0.022924,0.029719,DOQ
156,137,0.025114,0.022924,DOQ
144,156,0.028109,0.025114,DOQ
148,144,0.006284,0.028109,DOQ
135,148,0.025809,0.006284,DOQ
123,135,0.017434,0.025809,DOQ
200,0,0.0,0.0,DOQ
133,200,0.033689,0.0,DOQ
179,133,0.013318,0.033689,DOQ
137,179,0.021645,0.013318,DOQ
140,137,0.013212,0.021645,DOQ
197,140,0.029889,0.013212,DOQ
141,197,0.021957,0.029889,DOQ
117,141,0.023069,0.021957,DOQ
138,0,0.0,0.0,DOQ
121,138,0.022747,0.0,DOQ
148,121,0.017202,0.022747,DOQ
153,148,0.020514,0.017202,DOQ
156,153,0.016537,0.020514,DOQ
92,156,0.034643,0.016537,DOQ
120,92,0.017852,0.034643,DOQ
164,120,0.026125,0.017852,DOQ
148,0,0.0,0.0,DOQ
145,148,0.010922,0.0,DOQ
153,145,0.016745,0.010922,DOQ
152,153,0.020851,0.016745,DOQ
136,152,0.019306,0.020851,DOQ
147,136,0.022052,0.019306,DOQ
129,147,0.013715,0.022052,DOQ
139,129,0.019238,0.013715,DOQ
137,0,0.0,0.0,DOQ
169,137,0.018949,0.0,DOQ
142,169,0.019096,0.018949,DOQ
156,142,0.022742,0.019096,DOQ
143,156,0.013024,0.022742,DOQ
176,143,0.027757,0.013024,DOQ
154,176,0.029712,0.027757,DOQ
155,154,0.018247,0.029712,DOQ
143,0,0.0,0.0,DOQ
81,143,0.029106,0.0,DOQ
149,81,0.026337,0.029106,DOQ
135,149,0.022671,0.026337,DOQ
176,135,0.028043,0.022671,DOQ
145,176,0.025108,0.028043,DOQ
121,145,0.022157,0.025108,DOQ
144,121,0.020179,0.022157,DOQ
133,0,0.0,0.0,DOQ
160,133,0.030803,0.0,DOQ
142,160,0.023737,0.030803,DOQ
146,142,0.016595,0.023737,DOQ
126,146,0.025759,0.016595,DOQ
142,126,0.024411,0.025759,DOQ
145,142,0.034352,0.024411,DOQ
142,145,0.023524,0.034352,DOQ
157,0,0.0,0.0,DOQ
145,157,0.023497,0.0,DOQ
98,145,0.014902,0.023497,DOQ
160,98,0.020483,0.014902,DOQ
144,160,0.028176,0.020483,DOQ
169,144,0.02678,0.028176,DOQ
123,169,0.022091,0.02678,DOQ
81,123,0.016151,0.022091,DOQ
158,0,0.0,0.0,DOQ
124,158,0.026803,0.0,DOQ
137,124,0.037503,0.026803,DOQ
158,137,0.029493,0.037503,DOQ
140,158,0.023318,0.029493,DOQ
135,140,0.020136,0.023318,DOQ
121,135,0.020796,0.020136,DOQ
169,121,0.014463,0.020796,DOQ
156,0,0.0,0.0,DOQ
164,156,0.018526,0.0,DOQ
154,164,0.021607,0.018526,DOQ
135,154,0.01238,0.021607,DOQ
118,135,0.028008,0.01238,DOQ
139,118,0.016231,0.028008,DOQ
125,139,0.015603,0.016231,DOQ
126,125,0.036274,0.015603,DOQ
175,0,0.0,0.0,DOQ
158,175,0.019457,0.0,DOQ
149,158,0.01344,0.019457,DOQ
126,149,0.022806,0.01344,DOQ
123,126,0.02044,0.022806,DOQ
156,123,0.016784,0.02044,DOQ
140,156,0.022671,0.016784,DOQ
149,140,0.02262,0.022671,DOQ
125,0,0.0,0.0,DOQ
155,125,0.021863,0.0,DOQ
145,155,0.01875,0.021863,DOQ
180,145,0.024045,0.01875,DOQ
124,180,0.019911,0.024045,DOQ
157,124,0.023324,0.019911,DOQ
143,157,0.021544,0.023324,DOQ
186,143,0.019765,0.021544,DOQ
132,0,0.0,0.0,DOQ
124,132,0.021782,0.0,DOQ
118,124,0.022882,0.021782,DOQ
153,118,0.018867,0.022882,DOQ
131,153,0.040461,0.018867,DOQ
164,131,0.030161,0.040461,DOQ
164,164,0.014533,0.030161,DOQ
172,164,0.023397,0.014533,DOQ
123,0,0.0,0.0,DOQ
144,123,0.031657,0.0,DOQ
111,144,0.023365,0.031657,DOQ
122,111,0.025816,0.023365,DOQ
158,122,0.017068,0.025816,DOQ
157,158,0.014684,0.017068,DOQ
137,157,0.018583,0.014684,DOQ
124,137,0.021256,0.018583,DOQ
177,0,0.0,0.0,DOQ
123,177,0.008656,0.0,DOQ
131,123,0.020936,0.008656,DOQ
131,131,0.021986,0.020936,DOQ
145,131,0.007506,0.021986,DOQ
180,145,0.022145,0.007506,DOQ
121,180,0.01592,0.022145,DOQ
138,121,0.010987,0.01592,DOQ
